<?xml version="1.0" encoding="UTF-8"?>
<project-private xmlns="http://www.netbeans.org/ns/project-private/1">
    <data xmlns="http://www.netbeans.org/ns/make-project-private/1">
        <activeConfTypeElem>1</activeConfTypeElem>
        <activeConfIndexElem>0</activeConfIndexElem>
    </data>
    <editor-bookmarks xmlns="http://www.netbeans.org/ns/editor-bookmarks/2" lastBookmarkId="0"/>
    <open-files xmlns="http://www.netbeans.org/ns/projectui-open-files/2">
        <group>
            <file>file:/C:/Users/Joe/Documents/School/CSC17A/LevinJoseph_CSC17a_43950/Proj/Project%202/Project%202/Project%202/BaseBS.cpp</file>
            <file>file:/C:/Users/Joe/Documents/School/CSC17A/LevinJoseph_CSC17a_43950/Proj/Project%202/Project%202/Project%202/stats.h</file>
            <file>file:/C:/Users/Joe/Documents/School/CSC17A/LevinJoseph_CSC17a_43950/Proj/Project%202/Project%202/Project%202/BaseBS.h</file>
            <file>file:/C:/Users/Joe/Documents/School/CSC17A/LevinJoseph_CSC17a_43950/Proj/Project%202/Project%202/Project%202/AbsBS.h</file>
            <file>file:/C:/Users/Joe/Documents/School/CSC17A/LevinJoseph_CSC17a_43950/Proj/Project%202/Project%202/Project%202/main.cpp</file>
            <file>file:/C:/Users/Joe/Documents/School/CSC17A/LevinJoseph_CSC17a_43950/Proj/Project%202/Project%202/Project%202/mastermind.h</file>
            <file>file:/C:/Users/Joe/Documents/School/CSC17A/LevinJoseph_CSC17a_43950/Proj/Project%202/Project%202/Project%202/DerivBS.cpp</file>
            <file>file:/C:/Users/Joe/Documents/School/CSC17A/LevinJoseph_CSC17a_43950/Proj/Project%202/Project%202/Project%202/DerivBS.h</file>
        </group>
    </open-files>
</project-private>
